{"cameraMode":{"drawMode":0,"name":"Shaded","section":"Shading Mode"},"sceneLighting":true,"audioPlay":false,"sceneViewState":{"m_AlwaysRefresh":false,"showFog":true,"showSkybox":true,"showFlares":true,"showImageEffects":true,"showParticleSystems":true,"showVisualEffectGraphs":true,"m_FxEnabled":true},"in2DMode":false,"pivot":{"x":158.23394775390626,"y":1.0237226486206055,"z":432.1107177734375},"rotation":{"x":0.5925324559211731,"y":-0.06865358352661133,"z":0.05078532546758652,"w":0.8010079860687256},"size":12.12435531616211,"orthographic":false}